{
  "accuracy": 0.9647058823529412,
  "precision_weighted": 0.9641396665618118,
  "recall_weighted": 0.9647058823529412,
  "f1_weighted": 0.9634899565648589,
  "confusion_matrix": [
    [
      724,
      6
    ],
    [
      24,
      96
    ]
  ],
  "classification_report": {
    "no": {
      "precision": 0.9679144385026738,
      "recall": 0.9917808219178083,
      "f1-score": 0.979702300405954,
      "support": 730.0
    },
    "yes": {
      "precision": 0.9411764705882353,
      "recall": 0.8,
      "f1-score": 0.8648648648648649,
      "support": 120.0
    },
    "accuracy": 0.9647058823529412,
    "macro avg": {
      "precision": 0.9545454545454546,
      "recall": 0.8958904109589041,
      "f1-score": 0.9222835826354094,
      "support": 850.0
    },
    "weighted avg": {
      "precision": 0.9641396665618118,
      "recall": 0.9647058823529412,
      "f1-score": 0.9634899565648589,
      "support": 850.0
    }
  },
  "best_cv_score": 0.9487795375489189,
  "n_trials": 50
}